,Date,Open,High,Low,Close,Adj Close,Volume,Percent_Day_Change
0,2019-11-07,65.82800300000001,68.300003,65.603996,67.108002,67.108002,72336500,1.9444597157231014
1,2019-11-08,66.900002,67.491997,66.5,67.428001,67.428001,30346000,0.7892361497986222
2,2019-11-11,68.790001,69.837997,68.400002,69.01799799999999,69.01799799999999,49933500,0.33143915785085465
3,2019-11-12,69.379997,70.07399699999999,68.807999,69.986,69.986,36797000,0.8734549239026279
4,2019-11-13,71.0,71.265999,69.03600300000001,69.222,69.222,42100500,-2.504225352112688
5,2019-11-14,69.222,70.76799799999999,68.582001,69.870003,69.870003,32324500,0.9361229089017931
6,2019-11-15,70.127998,70.559998,69.67199699999999,70.433998,70.433998,24045000,0.4363449816434217
7,2019-11-18,70.584,70.629997,69.220001,69.998001,69.998001,22002000,-0.8302150629037719
8,2019-11-19,70.349998,71.998001,69.559998,71.903999,71.903999,38624000,2.208956708143761
9,2019-11-20,72.0,72.239998,69.914001,70.444,70.444,33625500,-2.1611111111111025
10,2019-11-21,70.902,72.167999,70.800003,70.966003,70.966003,30550000,0.09026966799243752
11,2019-11-22,68.031998,68.199997,66.0,66.608002,66.608002,84353000,-2.0931268254094193
12,2019-11-25,68.863998,68.914001,66.891998,67.26799799999999,67.26799799999999,61697500,-2.3176115914733897
13,2019-11-26,67.054001,67.099998,65.41999799999999,65.783997,65.783997,39737000,-1.8940018210099052
14,2019-11-27,66.22399899999999,66.78600300000001,65.71399699999999,66.258003,66.258003,27778000,0.05134694448156729
15,2019-11-29,66.222,66.251999,65.5,65.987999,65.987999,12328000,-0.3533584005315338
16,2019-12-02,65.879997,67.27600100000001,65.737999,66.97399899999999,66.97399899999999,30372500,1.660598132692681
17,2019-12-03,66.524002,67.582001,66.438004,67.239998,67.239998,32868500,1.0762972438128404
18,2019-12-04,67.550003,67.571999,66.57,66.606003,66.606003,27665000,-1.397483283605483
19,2019-12-05,66.566002,66.884003,65.449997,66.07399699999999,66.07399699999999,18623000,-0.7391235543934394
20,2019-12-06,67.0,67.772003,66.954002,67.178001,67.178001,38062000,0.26567313432834805
21,2019-12-09,67.318001,68.889999,67.015999,67.905998,67.905998,45115500,0.8734617654496235
22,2019-12-10,67.991997,70.146004,67.862,69.76799799999999,69.76799799999999,44141500,2.6120735944849427
23,2019-12-11,70.375999,71.438004,70.218002,70.540001,70.540001,34489000,0.23303683404907183
24,2019-12-12,70.984001,72.547997,70.646004,71.935997,71.935997,38819500,1.3411416468338988
25,2019-12-13,72.209999,73.042,70.928001,71.678001,71.678001,32854500,-0.736737304206303
26,2019-12-16,72.510002,76.722,72.5,76.300003,76.300003,90871000,5.226866494914728
27,2019-12-17,75.797997,77.099998,75.18,75.797997,75.797997,42484000,0.0
28,2019-12-18,76.125999,79.043999,76.115997,78.629997,78.629997,70605000,3.2892809721945415
29,2019-12-19,79.46399699999999,81.370003,79.300003,80.807999,80.807999,90535500,1.6913345046059014
30,2019-12-20,82.057999,82.599998,80.038002,81.11799599999999,81.11799599999999,73763500,-1.1455348795429532
31,2019-12-23,82.356003,84.402,82.0,83.844002,83.844002,66598000,1.8067887534561455
32,2019-12-24,83.67199699999999,85.094002,82.538002,85.050003,85.050003,40273500,1.6469141999801984
33,2019-12-26,85.582001,86.695999,85.269997,86.188004,86.188004,53169500,0.7080963203933477
34,2019-12-27,87.0,87.061996,85.222,86.07599599999999,86.07599599999999,49728500,-1.062073563218402
35,2019-12-30,85.758003,85.800003,81.851997,82.940002,82.940002,62932000,-3.285991862473747
36,2019-12-31,81.0,84.258003,80.416,83.666,83.666,51428500,3.29135802469136
37,2020-01-02,84.900002,86.139999,84.342003,86.052002,86.052002,47660500,1.3568904273995264
38,2020-01-03,88.099998,90.800003,87.384003,88.601997,88.601997,88892500,0.5698059153190771
39,2020-01-06,88.094002,90.311996,88.0,90.307999,90.307999,50665000,2.51322104767131
40,2020-01-07,92.279999,94.32599599999999,90.67199699999999,93.811996,93.811996,89410500,1.6601614830966671
41,2020-01-08,94.739998,99.697998,93.646004,98.428001,98.428001,155721500,3.8927623789901222
42,2020-01-09,99.41999799999999,99.760002,94.57399699999999,96.26799799999999,96.26799799999999,142202000,-3.1703883156384727
43,2020-01-10,96.358002,96.987999,94.739998,95.629997,95.629997,64797500,-0.755521061966391
44,2020-01-13,98.699997,105.125999,98.400002,104.972,104.972,132588000,6.354613161741018
45,2020-01-14,108.851997,109.48200200000001,104.980003,107.584,107.584,144981000,-1.164881706304377
46,2020-01-15,105.952003,107.568001,103.358002,103.699997,103.699997,86844000,-2.1254963910403935
47,2020-01-16,98.75,102.891998,98.433998,102.697998,102.697998,108683500,3.997972658227855
48,2020-01-17,101.522003,103.134003,100.63200400000001,102.099998,102.099998,68145500,0.5693297836135036
49,2020-01-21,106.050003,109.716003,105.681999,109.440002,109.440002,89017500,3.1966043414444867
50,2020-01-22,114.377998,118.900002,111.82,113.912003,113.912003,156845000,-0.4074166431904169
51,2020-01-23,112.849998,116.400002,111.120003,114.440002,114.440002,98255000,1.4089535030386235
52,2020-01-24,114.125999,114.772003,110.851997,112.96399699999999,112.96399699999999,71768000,-1.0181746579935758
53,2020-01-27,108.398003,112.888,107.856003,111.603996,111.603996,68040500,2.957612604726667
54,2020-01-28,113.697998,115.362,111.615997,113.379997,113.379997,58942500,-0.2796891815104785
55,2020-01-29,115.138,117.959999,113.486,116.197998,116.197998,89007500,0.9206326321457681
56,2020-01-30,126.484001,130.175995,123.599998,128.162003,128.162003,145028500,1.3266515818075586
57,2020-01-31,128.0,130.600006,126.503998,130.113998,130.113998,78596500,1.6515609375000073
58,2020-02-03,134.738007,157.227997,134.703995,156.0,156.0,235325000,15.780248998339408
59,2020-02-04,176.591995,193.798004,166.776001,177.412003,177.412003,304694000,0.4643517391600849
60,2020-02-05,164.651993,169.195999,140.82200600000002,146.940002,146.940002,242119000,-10.757228429054011
61,2020-02-06,139.983994,159.166,137.399994,149.792007,149.792007,199404000,7.006524617378762
62,2020-02-07,146.110001,153.949997,146.0,149.613998,149.613998,85317500,2.3981910724920175
63,2020-02-10,160.0,163.998001,150.479996,154.255997,154.255997,123446000,-3.590001874999993
64,2020-02-11,153.757996,156.701996,151.600006,154.87600700000002,154.87600700000002,58487500,0.7271238108488509
65,2020-02-12,155.574005,157.949997,152.673996,153.457993,153.457993,60112500,-1.3601321120453314
66,2020-02-13,148.367996,163.600006,147.0,160.800003,160.800003,131446500,8.379170262567936
67,2020-02-14,157.444,162.59399399999998,157.100006,160.005997,160.005997,78468500,1.6272433373135886
68,2020-02-18,168.320007,172.0,166.472,171.679993,171.679993,81908500,1.9961893181242418
69,2020-02-19,184.699997,188.955994,180.203995,183.483994,183.483994,127115000,-0.6583665510292325
70,2020-02-20,182.389999,182.399994,171.988007,179.882004,179.882004,88174500,-1.3750726540658564
71,2020-02-21,181.395996,182.612,176.08999599999999,180.199997,180.199997,71574000,-0.659330429763183
72,2020-02-24,167.800003,172.699997,164.440002,166.757996,166.757996,75961000,-0.6209815145235775
73,2020-02-25,169.800003,171.320007,157.399994,159.98199499999998,159.98199499999998,86452500,-5.782101193484679
74,2020-02-26,156.5,162.662003,155.222,155.759995,155.759995,70427500,-0.4728466453674085
75,2020-02-27,146.0,147.953995,133.800003,135.800003,135.800003,121386000,-6.986299315068489
76,2020-02-28,125.940002,138.104004,122.304001,133.598007,133.598007,121114500,6.080677210089291
77,2020-03-02,142.251999,148.738007,137.334,148.723999,148.723999,100975000,4.549672444321851
78,2020-03-03,161.0,161.395996,143.222,149.102005,149.102005,128920000,-7.39005900621118
79,2020-03-04,152.792007,153.304001,144.945999,149.899994,149.899994,75245000,-1.8927776765181314
80,2020-03-05,144.753998,149.149994,143.613998,144.908005,144.908005,54263500,0.10639222551904748
81,2020-03-06,138.0,141.399994,136.854004,140.695999,140.695999,63314500,1.953622463768112
82,2020-03-09,121.07800300000001,132.600006,121.0,121.599998,121.599998,85368500,0.43112290182056867
83,2020-03-10,131.886002,133.600006,121.599998,129.065994,129.065994,77972000,-2.1382163059275983
84,2020-03-11,128.03999299999998,130.716003,122.599998,126.846001,126.846001,66612500,-0.9325148900937386
85,2020-03-12,116.178001,118.900002,109.25,112.110001,112.110001,94545500,-3.501523494107972
86,2020-03-13,119.0,121.514,100.400002,109.32399699999999,109.32399699999999,113201500,-8.131094957983198
87,2020-03-16,93.900002,98.97399899999999,88.433998,89.014,89.014,102447500,-5.203409899820876
88,2020-03-17,88.001999,94.370003,79.199997,86.040001,86.040001,119973000,-2.2294925368683938
89,2020-03-18,77.800003,80.972,70.101997,72.244003,72.244003,118931000,-7.141387899432338
90,2020-03-19,74.940002,90.400002,71.692001,85.528,85.528,150977500,14.128633196460271
91,2020-03-20,87.639999,95.400002,85.157997,85.505997,85.505997,141427500,-2.4349635147759563
92,2020-03-23,86.720001,88.400002,82.099998,86.858002,86.858002,82272500,0.1591339926299229
93,2020-03-24,95.459999,102.737999,94.800003,101.0,101.0,114476000,5.803479004855228
94,2020-03-25,109.050003,111.400002,102.222,107.849998,107.849998,106113500,-1.1004172095254394
95,2020-03-26,109.477997,112.0,102.449997,105.63200400000001,105.63200400000001,86903500,-3.51302828457849
96,2020-03-27,101.0,105.160004,98.806,102.872002,102.872002,71887000,1.8534673267326607
97,2020-03-30,102.052002,103.33000200000001,98.246002,100.42600300000001,100.42600300000001,59990500,-1.5933043626130905
98,2020-03-31,100.25,108.592003,99.400002,104.800003,104.800003,88857500,4.538656359102244
99,2020-04-01,100.800003,102.790001,95.019997,96.311996,96.311996,66766000,-4.45238776431387
100,2020-04-02,96.206001,98.851997,89.279999,90.893997,90.893997,99292000,-5.5214892468090415
101,2020-04-03,101.900002,103.098,93.678001,96.001999,96.001999,112810500,-5.7880303083801765
102,2020-04-06,102.239998,104.199997,99.592003,103.248001,103.248001,74509000,0.9859184465164095
103,2020-04-07,109.0,113.0,106.468002,109.089996,109.089996,89599000,0.08256513761468742
104,2020-04-08,110.839996,111.442001,106.666,109.76799799999999,109.76799799999999,63280000,-0.9671581005831209
105,2020-04-09,112.417999,115.03600300000001,111.42199699999999,114.599998,114.599998,68250000,1.9409694349745488
106,2020-04-13,118.031998,130.399994,116.106003,130.190002,130.190002,112377000,10.300600011871342
107,2020-04-14,139.794006,148.37600700000002,138.48599199999998,141.977997,141.977997,152882500,1.562292306009172
108,2020-04-15,148.399994,150.62600700000002,142.0,145.966003,145.966003,117885000,-1.6401557266909284
109,2020-04-16,143.388,151.889999,141.34399399999998,149.042007,149.042007,103289500,3.9431521466231523
110,2020-04-17,154.455994,154.990005,149.531998,150.778,150.778,65641000,-2.3812568905548726
111,2020-04-20,146.53999299999998,153.113998,142.442001,149.272003,149.272003,73733000,1.864344295417042
112,2020-04-21,146.024002,150.666,134.757996,137.34399399999998,137.34399399999998,101045500,-5.94423374316232
113,2020-04-22,140.796005,146.800003,137.742004,146.421997,146.421997,70827500,3.9958463310091785
114,2020-04-23,145.520004,146.800003,140.62600700000002,141.12600700000002,141.12600700000002,66183500,-3.019514073130447
115,2020-04-24,142.162003,146.145996,139.636002,145.029999,145.029999,66060000,2.0174138936407626
116,2020-04-27,147.522003,159.897995,147.0,159.75,159.75,103407000,8.288930973910368
117,2020-04-28,159.128006,161.0,151.337997,153.824005,153.824005,76110000,-3.333166256102016
118,2020-04-29,158.033997,160.639999,156.632004,160.102005,160.102005,81080000,1.3085842535514702
119,2020-04-30,171.037994,173.96400500000001,152.699997,156.37600700000002,156.37600700000002,142359500,-8.572356736129628
120,2020-05-01,151.0,154.554001,136.608002,140.26400800000002,140.26400800000002,162659000,-7.109928476821182
121,2020-05-04,140.199997,152.399994,139.600006,152.238007,152.238007,96185500,8.58631259457161
122,2020-05-05,157.957993,159.783997,152.436005,153.641998,153.641998,84958500,-2.732368852014966
123,2020-05-06,155.300003,157.96000700000002,152.222,156.516006,156.516006,55616000,0.7830025605344071
124,2020-05-07,155.442001,159.279999,154.470001,156.007996,156.007996,57638500,0.3641197336362145
125,2020-05-08,158.753998,164.800003,157.401993,163.884003,163.884003,80432500,3.2314178317575326
126,2020-05-11,158.102005,164.800003,157.0,162.257996,162.257996,82598000,2.628676973451416
127,2020-05-12,165.399994,168.658005,161.600006,161.882004,161.882004,79534500,-2.1269589647022635
128,2020-05-13,164.166,165.199997,152.66000400000001,158.192001,158.192001,95327500,-3.6389989400972156
129,2020-05-14,156.0,160.671997,152.800003,160.666,160.666,68411000,2.9910256410256464
130,2020-05-15,158.070007,161.009995,157.309998,159.834,159.834,52592000,1.1159568051388735
131,2020-05-18,165.556,166.944,160.776001,162.725998,162.725998,58329000,-1.7093925922346598
132,2020-05-19,163.033997,164.414001,161.216003,161.602005,161.602005,48182500,-0.8783395036312647
133,2020-05-20,164.100006,165.199997,162.360001,163.112,163.112,36546500,-0.6020755416669576
134,2020-05-21,163.199997,166.5,159.199997,165.520004,165.520004,61273000,1.4215729427985213
135,2020-05-22,164.434006,166.35600300000002,162.399994,163.37600700000002,163.37600700000002,49937500,-0.6434186125709229
136,2020-05-26,166.899994,166.919998,163.141998,163.774002,163.774002,40448500,-1.8729731050799225
137,2020-05-27,164.171997,165.542007,157.0,164.046005,164.046005,57747500,-0.07674390413853205
138,2020-05-28,162.701996,164.949997,160.337997,161.162003,161.162003,36278000,-0.9465114367742666
139,2020-05-29,161.75,167.0,160.841995,167.0,167.0,58822500,3.2457496136012454
140,2020-06-01,171.600006,179.800003,170.820007,179.619995,179.619995,74697500,4.673653099988817
141,2020-06-02,178.940002,181.73199499999998,174.199997,176.311996,176.311996,67828000,-1.4686520457287133
142,2020-06-03,177.62399299999998,179.587997,176.020004,176.591995,176.591995,39747500,-0.5810014641434047
143,2020-06-04,177.975998,179.149994,171.688004,172.87600700000002,172.87600700000002,44438500,-2.8655498816194225
144,2020-06-05,175.567993,177.304001,173.240005,177.132004,177.132004,39059500,0.890829229904111
145,2020-06-08,183.800003,190.0,181.832001,189.983994,189.983994,70873500,3.3645217078696055
146,2020-06-09,188.001999,190.888,184.78599499999999,188.134003,188.134003,56941000,0.07021414703147766
147,2020-06-10,198.37600700000002,205.496002,196.5,205.009995,205.009995,92817000,3.344148367700539
148,2020-06-11,198.03999299999998,203.792007,194.399994,194.567993,194.567993,79582500,-1.7531812374887212
149,2020-06-12,196.0,197.595993,182.520004,187.056,187.056,83817000,-4.563265306122444
150,2020-06-15,183.557999,199.76800500000002,181.699997,198.179993,198.179993,78486000,7.965871321140305
151,2020-06-16,202.369995,202.576004,192.477997,196.425995,196.425995,70255500,-2.9371943207292084
152,2020-06-17,197.542007,201.0,196.51400800000002,198.358002,198.358002,49454000,0.41307416705551603
153,2020-06-18,200.600006,203.83999599999999,198.89399699999998,200.792007,200.792007,48759500,0.09571335705742534
154,2020-06-19,202.556,203.194,198.26800500000002,200.179993,200.179993,43398500,-1.1730124015087218
155,2020-06-22,199.990005,201.776001,198.003998,198.863998,198.863998,31812000,-0.5630316375060729
156,2020-06-23,199.776001,202.399994,198.80200200000002,200.35600300000002,200.35600300000002,31826500,0.290326163851895
157,2020-06-24,198.82200600000002,200.175995,190.628006,192.169998,192.169998,54798000,-3.3457101323079996
158,2020-06-25,190.854004,197.195999,187.429993,197.195999,197.195999,46272500,3.3229562215524755
159,2020-06-26,198.955994,199.0,190.973999,191.94799799999998,191.94799799999998,44274500,-3.522384955137381
160,2020-06-29,193.80200200000002,202.0,189.703995,201.869995,201.869995,45132000,4.163008078729735
161,2020-06-30,201.300003,217.537994,200.746002,215.962006,215.962006,84592500,7.283657616239569
162,2020-07-01,216.600006,227.065994,216.100006,223.92599500000003,223.92599500000003,66634500,3.382266295966785
163,2020-07-02,244.29600499999998,245.600006,237.11999500000002,241.731995,241.731995,86250500,-1.0495505237590685
164,2020-07-06,255.33799700000003,275.558014,253.20799300000002,274.31601,274.31601,102849500,7.432506412275175
165,2020-07-07,281.00201400000003,285.899994,267.34201,277.971985,277.971985,107448500,-1.0782944068151834
166,2020-07-08,281.0,283.451996,262.26800499999996,273.175995,273.175995,81556500,-2.7843434163701053
167,2020-07-09,279.39801,281.71200600000003,270.256012,278.85598799999997,278.85598799999997,58588000,-0.19399637098347355
168,2020-07-10,279.200012,309.783997,275.201996,308.929993,308.929993,116688000,10.648273539472486
169,2020-07-13,331.799988,358.99798599999997,294.221985,299.411987,299.411987,194927000,-9.761302643567294
170,2020-07-14,311.200012,318.0,286.200012,303.359985,303.359985,117090500,-2.5192887846032685
171,2020-07-15,308.600006,310.0,291.399994,309.201996,309.201996,81839000,0.19507128590270373
172,2020-07-16,295.432007,306.34201,293.200012,300.127991,300.127991,71504000,1.589531225030738
173,2020-07-17,302.690002,307.50201400000003,298.0,300.167999,300.167999,46650000,-0.8331966643549626
174,2020-07-20,303.802002,330.0,297.600006,328.600006,328.600006,85607000,8.162554504825149
175,2020-07-21,327.985992,335.0,311.600006,313.67199700000003,313.67199700000003,80536000,-4.364209249521844
176,2020-07-22,319.799988,325.283997,312.399994,318.466003,318.466003,70805500,-0.4171310350393087
177,2020-07-23,335.790009,337.799988,296.153992,302.614014,302.614014,121642500,-9.879982760297079
178,2020-07-24,283.201996,293.0,273.308014,283.399994,283.399994,96983000,0.06991405526675099
179,2020-07-27,287.0,309.588013,282.600006,307.920013,307.920013,80243500,7.2892031358885
180,2020-07-28,300.799988,312.940002,294.884003,295.298004,295.298004,79043500,-1.8291170942466906
181,2020-07-29,300.200012,306.96200600000003,297.399994,299.821991,299.821991,47134500,-0.1259230462655636
182,2020-07-30,297.600006,302.64801,294.200012,297.49798599999997,297.49798599999997,38105000,-0.0342809132873656
183,2020-07-31,303.0,303.410004,284.196014,286.152008,286.152008,61041000,-5.560393399339924
184,2020-08-03,289.839996,301.96200600000003,288.87600699999996,297.0,297.0,44046500,2.4703298712438704
185,2020-08-04,299.00201400000003,305.48199500000004,292.399994,297.399994,297.399994,42075000,-0.535789033180234
186,2020-08-05,298.597992,299.967987,293.661987,297.003998,297.003998,24739000,-0.5338260948519524
187,2020-08-06,298.16598500000003,303.46200600000003,295.451996,297.91598500000003,297.91598500000003,29961500,-0.0838459155560578
188,2020-08-07,299.90799,299.950012,283.00201400000003,290.541992,290.541992,44482000,-3.1229571442894843
189,2020-08-10,289.600006,291.5,277.167999,283.713989,283.713989,37611500,-2.032464391592581
190,2020-08-11,279.200012,284.0,273.0,274.877991,274.877991,43129000,-1.5480017242979205
191,2020-08-12,294.0,317.0,287.0,310.951996,310.951996,109147000,5.765985034013599
192,2020-08-13,322.200012,330.235992,313.451996,324.200012,324.200012,102126500,0.6207324411893644
193,2020-08-14,332.99798599999997,333.76001,325.32800299999997,330.141998,330.141998,62888000,-0.8576592412183448
194,2020-08-17,335.399994,369.17199700000003,334.56601,367.127991,367.127991,101211500,9.4597488275447
195,2020-08-18,379.798004,384.77999900000003,369.022003,377.417999,377.417999,82372500,-0.6266502127272866
196,2020-08-19,373.0,382.200012,368.242004,375.705994,375.705994,61026500,0.725467560321702
197,2020-08-20,372.135986,404.39801,371.411987,400.365997,400.365997,103059000,7.585939565651145
198,2020-08-21,408.951996,419.097992,405.01001,409.996002,409.996002,107448000,0.25528815367366064
199,2020-08-24,425.256012,425.799988,385.503998,402.839996,402.839996,100318000,-5.271181445401885
200,2020-08-25,394.977997,405.589996,393.600006,404.667999,404.667999,53294500,2.453301721513368
201,2020-08-26,412.0,433.200012,410.72601299999997,430.634003,430.634003,71197000,4.522816262135931
202,2020-08-27,436.09200999999996,459.119995,428.5,447.75,447.75,118465000,2.673286768083649
203,2020-08-28,459.02398700000003,463.69799800000004,437.303986,442.67999299999997,442.67999299999997,100406000,-3.5605969323777575
204,2020-08-31,444.60998499999994,500.14001500000006,440.10998499999994,498.32000700000003,498.32000700000003,118374400,12.08025546254885
205,2020-09-01,502.14001500000006,502.48999000000003,470.51000999999997,475.049988,475.049988,89841100,-5.394915001944245
206,2020-09-02,478.98999000000003,479.040009,405.119995,447.369995,447.369995,96176100,-6.601389519643197
207,2020-09-03,407.230011,431.799988,402.0,407.0,407.0,87596100,-0.05648183920314853
208,2020-09-04,402.809998,428.0,372.019989,418.320007,418.320007,110321900,3.850452838064844
209,2020-09-08,356.0,368.73999,329.880005,330.209991,330.209991,115465700,-7.2443845505618
210,2020-09-09,356.600006,369.0,341.51001,366.27999900000003,366.27999900000003,79465800,2.7145240709838925
211,2020-09-10,386.209991,398.98999,360.559998,371.339996,371.339996,84930600,-3.85023571283013
212,2020-09-11,381.940002,382.5,360.5,372.72000099999997,372.72000099999997,60717500,-2.4139919756297257
213,2020-09-14,380.950012,420.0,373.299988,419.619995,419.619995,83020600,10.150933661080973
214,2020-09-15,436.55999800000006,461.94000199999994,430.700012,449.76000999999997,449.76000999999997,97298200,3.0236421249021372
215,2020-09-16,439.869995,457.790009,435.30999800000006,441.76000999999997,441.76000999999997,72279300,0.4296758181925986
216,2020-09-17,415.600006,437.790009,408.0,423.42999299999997,423.42999299999997,76779200,1.8840199439265515
217,2020-09-18,447.94000199999994,451.0,428.799988,442.14999400000005,442.14999400000005,86406800,-1.2925856083734866
218,2020-09-21,453.130005,455.67999299999997,407.070007,449.39001500000006,449.39001500000006,109476800,-0.8253679868319264
219,2020-09-22,429.60000599999995,437.76000999999997,417.600006,424.23001100000005,424.23001100000005,79580800,-1.2499988186685185
220,2020-09-23,405.160004,412.149994,375.880005,380.359985,380.359985,95074200,-6.121043231108281
221,2020-09-24,363.799988,399.5,351.299988,387.790009,387.790009,96561100,6.594288562758277
222,2020-09-25,393.47000099999997,408.730011,391.299988,407.339996,407.339996,67208500,3.525045102485458
223,2020-09-28,424.619995,428.079987,415.549988,421.200012,421.200012,49719600,-0.8054220338823193
224,2020-09-29,416.0,428.5,411.600006,419.070007,419.070007,50219300,0.7379824519230693
225,2020-09-30,421.32000700000003,433.92999299999997,420.47000099999997,429.01000999999997,429.01000999999997,48145600,1.825216669570584
226,2020-10-01,440.76000999999997,448.880005,434.420013,448.160004,448.160004,50741500,1.6789168327680404
227,2020-10-02,421.39001500000006,439.130005,415.0,415.089996,415.089996,71430000,-1.4950565451818054
228,2020-10-05,423.35000599999995,433.64001500000006,419.329987,425.67999299999997,425.67999299999997,44722800,0.5503689540516943
229,2020-10-06,423.790009,428.77999900000003,406.049988,413.980011,413.980011,49146300,-2.3148252180716256
230,2020-10-07,419.869995,429.89999400000005,413.850006,425.299988,425.299988,43127700,1.2932557850436455
231,2020-10-08,438.44000199999994,439.0,425.299988,425.920013,425.920013,40421100,-2.8555763486197483
232,2020-10-09,430.130005,434.589996,426.459991,434.0,434.0,28925700,0.8997268163145167
233,2020-10-12,442.0,448.73999000000003,438.579987,442.299988,442.299988,38791100,0.06787058823529701
234,2020-10-13,443.35000599999995,448.89001500000006,436.60000599999995,446.64999400000005,446.64999400000005,34463700,0.7443302030766485
235,2020-10-14,449.77999900000003,465.89999400000005,447.35000599999995,461.299988,461.299988,47879700,2.561249727780801
236,2020-10-15,450.30999800000006,456.57000700000003,442.5,448.880005,448.880005,35672400,-0.3175574618265675
237,2020-10-16,454.44000199999994,455.950012,438.85000599999995,439.670013,439.670013,32775900,-3.250151600870721
238,2020-10-19,446.23999000000003,447.0,428.869995,430.829987,430.829987,36287800,-3.4532994230301983
239,2020-10-20,431.75,431.75,419.049988,421.94000199999994,421.94000199999994,31656300,-2.27214777070065
240,2020-10-21,422.700012,432.950012,421.25,422.64001500000006,422.64001500000006,32370500,-0.014193754032809647
241,2020-10-22,441.920013,445.23001100000005,424.51000999999997,425.790009,425.790009,39993200,-3.6499826949452974
242,2020-10-23,421.839996,422.89001500000006,407.380005,420.630005,420.630005,33717000,-0.2868364810054702
243,2020-10-26,411.630005,425.76000999999997,410.0,420.27999900000003,420.27999900000003,28239200,2.101400261139874
244,2020-10-27,423.76000999999997,430.5,420.10000599999995,424.67999299999997,424.67999299999997,22686500,0.21710000431611753
245,2020-10-28,416.480011,418.600006,406.0,406.019989,406.019989,25451400,-2.5115303793055266
246,2020-10-29,409.959991,418.059998,406.459991,410.829987,410.829987,22655300,0.2122148548881153
247,2020-10-30,406.899994,407.589996,379.109985,388.040009,388.040009,42511300,-4.635041847653598
248,2020-11-02,394.0,406.980011,392.299988,400.51001,400.51001,29021100,1.652286802030467
249,2020-11-03,409.730011,427.76998899999995,406.690002,423.89999400000005,423.89999400000005,34351700,3.4583707855366352
250,2020-11-04,430.619995,435.39999400000005,417.100006,420.98001100000005,420.98001100000005,32143100,-2.23862897959487
251,2020-11-05,428.299988,440.0,424.0,438.089996,438.089996,28414500,2.285782926522062
252,2020-11-06,436.10000599999995,436.57000700000003,424.27999900000003,429.950012,429.950012,21706000,-1.4102256169196026
253,2020-11-09,439.5,452.5,421.0,421.26000999999997,421.26000999999997,34833000,-4.1501683731513195
254,2020-11-10,420.089996,420.089996,396.02999900000003,410.359985,410.359985,30284200,-2.316172984990572
255,2020-11-11,416.450012,418.700012,410.579987,417.130005,417.130005,17357700,0.16328322257317396
256,2020-11-12,415.049988,423.0,409.519989,411.76001,411.76001,19855100,-0.7926703036068905
257,2020-11-13,410.850006,412.52999900000003,401.660004,408.5,408.5,19771100,-0.5719863613680931
258,2020-11-16,408.929993,412.450012,404.089996,408.089996,408.089996,26838600,-0.20541339945198134
259,2020-11-17,460.170013,462.0,433.01000999999997,441.60998499999994,441.60998499999994,61188300,-4.033298015009956
260,2020-11-18,448.35000599999995,496.0,443.5,486.64001500000006,486.64001500000006,78044000,8.540204859504374
261,2020-11-19,492.0,508.60998499999994,487.57000700000003,499.26998899999995,499.26998899999995,62475300,1.4776400406504075
262,2020-11-20,497.98999000000003,502.5,489.05999800000006,489.60998499999994,489.60998499999994,32911900,-1.682765751978288
263,2020-11-23,503.5,526.0,501.790009,521.849976,521.849976,50260300,3.6444838133068425
264,2020-11-24,540.400024,559.98999,526.200012,555.380005,555.380005,53648500,2.7720170863648974
265,2020-11-25,550.0599980000001,574.0,545.369995,574.0,574.0,48930200,4.352252860968808
266,2020-11-27,581.159973,598.780029,578.450012,585.76001,585.76001,37561100,0.7915268108115159
267,2020-11-30,602.210022,607.799988,554.51001,567.599976,567.599976,63003100,-5.747172038926984
268,2020-12-01,597.590027,597.849976,572.049988,584.76001,584.76001,40103500,-2.146959691480932
269,2020-12-02,556.4400019999999,571.539978,541.210022,568.820007,568.820007,47775700,2.224858916595296
270,2020-12-03,590.02002,598.969971,582.429993,593.380005,593.380005,42552000,0.5694696596905136
271,2020-12-04,591.01001,599.039978,585.5,599.039978,599.039978,29401300,1.358685616847688
272,2020-12-07,604.919983,648.789978,603.049988,641.76001,641.76001,56309700,6.0900661302835335
273,2020-12-08,625.51001,651.280029,618.5,649.880005,649.880005,64265000,3.8960199853556254
274,2020-12-09,653.6900019999999,654.320007,588.0,604.47998,604.47998,71291200,-7.5280365080449885
275,2020-12-10,574.369995,627.75,566.340027,627.070007,627.070007,67083200,9.175272465268659
276,2020-12-11,615.01001,624.0,596.799988,609.98999,609.98999,46475000,-0.8162501290019497
277,2020-12-14,619.0,642.75,610.200012,639.830017,639.830017,52040600,3.3651077544426533
278,2020-12-15,643.280029,646.900024,623.799988,633.25,633.25,45071500,-1.5592010551908508
279,2020-12-16,628.22998,632.5,605.0,622.77002,622.77002,42095800,-0.869102108116504
280,2020-12-17,628.1900019999999,658.820007,619.5,655.900024,655.900024,56270100,4.411089306066374
281,2020-12-18,668.900024,695.0,628.539978,695.0,695.0,222126200,3.9019248114124716
282,2020-12-21,666.23999,668.5,646.070007,649.8599849999999,649.8599849999999,58045300,-2.458574274414249
283,2020-12-22,648.0,649.880005,614.22998,640.340027,640.340027,51716000,-1.1820945987654374
284,2020-12-23,632.200012,651.5,622.570007,645.97998,645.97998,33173000,2.1796848684653147
285,2020-12-24,642.98999,666.090027,641.0,661.77002,661.77002,22865600,2.920734426985394
286,2020-12-28,674.51001,681.400024,660.799988,663.6900019999999,663.6900019999999,32278600,-1.6041286029246704
287,2020-12-29,661.0,669.900024,655.0,665.98999,665.98999,22910800,0.7549152798789871
288,2020-12-30,672.0,696.599976,668.3599849999999,694.780029,694.780029,42846000,3.389885267857151
289,2020-12-31,699.98999,718.719971,691.119995,705.669983,705.669983,49649900,0.8114391750087657
290,2021-01-04,719.460022,744.48999,717.1900019999999,729.77002,729.77002,48638200,1.4330188870452787
291,2021-01-05,723.659973,740.840027,719.200012,735.1099849999999,735.1099849999999,32245200,1.58223646839728
292,2021-01-06,758.48999,774.0,749.099976,755.97998,755.97998,44700000,-0.3309219677375186
293,2021-01-07,777.630005,816.98999,775.200012,816.039978,816.039978,51498900,4.939363547320941
294,2021-01-08,856.0,884.48999,838.3900150000001,880.0200199999999,880.0200199999999,75055500,2.806077102803739
295,2021-01-11,849.400024,854.429993,803.619995,811.1900019999999,811.1900019999999,59301600,-4.498471970846108
296,2021-01-12,831.0,868.0,827.340027,849.4400019999999,849.4400019999999,46270700,2.2190134777376525
297,2021-01-13,852.76001,860.4699710000001,832.0,854.409973,854.409973,33312500,0.1934850345526984
298,2021-01-14,843.3900150000001,863.0,838.75,845.0,845.0,31266300,0.19089448195566128
299,2021-01-15,852.0,859.900024,819.099976,826.159973,826.159973,38777600,-3.0328670187793394
300,2021-01-19,837.799988,850.0,833.0,844.5499880000001,844.5499880000001,25367000,0.8056815584485344
301,2021-01-20,858.73999,859.5,837.280029,850.4500119999999,850.4500119999999,25665900,-0.9653653138943841
302,2021-01-21,855.0,855.7199710000001,841.419983,844.98999,844.98999,20521100,-1.1707614035087688
303,2021-01-22,834.3099980000001,848.0,828.619995,846.6400150000001,846.6400150000001,20066500,1.4778699799304018
304,2021-01-25,855.0,900.400024,838.820007,880.7999880000001,880.7999880000001,41173400,3.017542456140365
305,2021-01-26,891.3800050000001,895.900024,871.599976,883.090027,883.090027,23131600,-0.9300161495096715
306,2021-01-27,870.349976,891.5,858.659973,864.159973,864.159973,27334000,-0.7112084989590373
307,2021-01-28,820.0,848.0,801.0,835.429993,835.429993,26378000,1.881706463414634
308,2021-01-29,830.0,842.409973,780.099976,793.530029,793.530029,34990800,-4.3939724096385575
309,2021-02-01,814.289978,842.0,795.5599980000001,839.8099980000001,839.8099980000001,25391400,3.1340211336851276
310,2021-02-02,844.679993,880.5,842.2000119999999,872.7899779999999,872.7899779999999,24346200,3.327885735775915
311,2021-02-03,877.0200199999999,878.080017,853.0599980000001,854.6900019999999,854.6900019999999,18343500,-2.5461240896188397
312,2021-02-04,855.0,856.5,833.419983,849.98999,849.98999,15812700,-0.5859660818713364
313,2021-02-05,845.0,864.7700199999999,838.9699710000001,852.2299800000001,852.2299800000001,18566600,0.8556189349112397
314,2021-02-08,869.669983,877.7700199999999,854.75,863.419983,863.419983,20161700,-0.7186634151083449
315,2021-02-09,855.1199949999999,859.7999880000001,841.75,849.4600220000001,849.4600220000001,15157700,-0.6618922529112226
316,2021-02-10,843.6400150000001,844.820007,800.02002,804.820007,804.820007,36216100,-4.601489653143121
317,2021-02-11,812.4400019999999,829.880005,801.72998,811.659973,811.659973,21622800,-0.09601065901232442
318,2021-02-12,801.26001,817.330017,785.330017,816.119995,816.119995,23768300,1.8545771428178481
319,2021-02-16,818.0,821.0,792.4400019999999,796.219971,796.219971,19802300,-2.6625952322738455
320,2021-02-17,779.090027,799.840027,762.01001,798.150024,798.150024,25996500,2.4464434583244987
321,2021-02-18,780.900024,794.6900019999999,776.27002,787.380005,787.380005,17957100,0.8298092970733473
322,2021-02-19,795.0,796.789978,777.369995,781.299988,781.299988,18958300,-1.7232719496855342
323,2021-02-22,762.6400150000001,768.5,710.200012,714.5,714.5,37269700,-6.312285488980018
324,2021-02-23,662.130005,713.6099849999999,619.0,698.840027,698.840027,66606900,5.544231755514528
325,2021-02-24,711.849976,745.0,694.169983,742.02002,742.02002,36767000,4.2382587647934455
326,2021-02-25,726.150024,737.210022,670.580017,682.219971,682.219971,39023900,-6.049721345185832
327,2021-02-26,700.0,706.700012,659.51001,675.5,675.5,41089200,-3.500000000000003
328,2021-03-01,690.1099849999999,719.0,685.049988,718.429993,718.429993,27136200,4.1036948624935565
329,2021-03-02,718.280029,721.1099849999999,685.0,686.4400019999999,686.4400019999999,23732200,-4.432815296887515
330,2021-03-03,687.98999,700.700012,651.710022,653.200012,653.200012,30208000,-5.056756421703168
331,2021-03-04,655.799988,668.450012,600.0,621.4400019999999,621.4400019999999,65919500,-5.239400217860335
332,2021-03-05,626.0599980000001,627.840027,539.48999,597.950012,597.950012,89396500,-4.489982763600886
333,2021-03-08,600.549988,620.130005,558.789978,563.0,563.0,51787000,-6.252599908469236
334,2021-03-09,608.179993,678.090027,595.210022,673.580017,673.580017,67523300,10.75339944633793
335,2021-03-10,700.299988,717.849976,655.0599980000001,668.0599980000001,668.0599980000001,60605700,-4.6037399046763845
336,2021-03-11,699.400024,702.5,677.179993,699.599976,699.599976,36253900,0.02858907537011124
337,2021-03-12,670.0,694.880005,666.1400150000001,693.72998,693.72998,33583800,3.5417880597014895
338,2021-03-15,694.090027,713.179993,684.039978,707.9400019999999,707.9400019999999,29335600,1.9954147821230617
339,2021-03-16,703.349976,707.919983,671.0,676.880005,676.880005,32195700,-3.763413933776827
340,2021-03-17,656.869995,703.72998,651.01001,701.8099980000001,701.8099980000001,40372500,6.8415368858490755
341,2021-03-18,684.289978,689.22998,652.0,653.159973,653.159973,33224800,-4.549241695894013
342,2021-03-19,646.599976,657.22998,624.619995,654.869995,654.869995,42894000,1.279000820748566
343,2021-03-22,684.590027,699.619995,668.75,670.0,670.0,39512200,-2.1312064775375394
344,2021-03-23,675.77002,677.799988,657.51001,662.159973,662.159973,30491900,-2.0140057411839662
345,2021-03-24,667.909973,668.02002,630.1099849999999,630.27002,630.27002,33795200,-5.635483002437514
346,2021-03-25,613.0,645.5,609.5,640.3900150000001,640.3900150000001,39224900,4.468191680261024
347,2021-03-26,641.869995,643.820007,599.8900150000001,618.710022,618.710022,33852800,-3.6082030910324803
348,2021-03-29,615.6400150000001,616.47998,596.02002,611.289978,611.289978,28637000,-0.7065877613559701
349,2021-03-30,601.75,637.659973,591.01001,635.619995,635.619995,39432400,5.628582467802246
350,2021-03-31,646.619995,672.0,641.1099849999999,667.929993,667.929993,33337300,3.295598367631669
351,2021-04-01,688.369995,692.419983,659.419983,661.75,661.75,35298400,-3.8671056544235416
352,2021-04-05,707.710022,708.159973,684.700012,691.049988,691.049988,41842800,-2.35407631404152
353,2021-04-06,690.299988,696.549988,681.369995,691.619995,691.619995,28271800,0.19122222554639468
354,2021-04-07,687.0,691.380005,667.840027,670.969971,670.969971,26309400,-2.3333375545851576
355,2021-04-08,677.380005,689.549988,671.650024,683.799988,683.799988,23924300,0.9477668299346931
356,2021-04-09,677.77002,680.969971,669.429993,677.02002,677.02002,21437100,-0.11065700427410619
357,2021-04-12,685.700012,704.799988,682.090027,701.97998,701.97998,29135700,2.374211421189232
358,2021-04-13,712.700012,763.0,710.659973,762.320007,762.320007,44652800,6.962255389999905
359,2021-04-14,770.700012,780.789978,728.030029,732.22998,732.22998,49017400,-4.991570183081828
360,2021-04-15,743.099976,743.6900019999999,721.3099980000001,738.849976,738.849976,27848900,-0.5719284264921076
361,2021-04-16,728.650024,749.409973,724.599976,739.780029,739.780029,27979500,1.5274829662257794
362,2021-04-19,719.599976,725.400024,691.799988,714.630005,714.630005,39686200,-0.690657471617262
363,2021-04-20,717.419983,737.25,710.6900019999999,718.98999,718.98999,35609000,0.21884071216344836
364,2021-04-21,704.77002,744.840027,698.0,744.119995,744.119995,31215500,5.583378106804249
365,2021-04-22,741.5,753.77002,718.039978,719.6900019999999,719.6900019999999,35590300,-2.941334861766698
366,2021-04-23,719.799988,737.3599849999999,715.460022,729.400024,729.400024,28370000,1.3337088302368905
367,2021-04-26,741.0,749.299988,732.6099849999999,738.200012,738.200012,31038500,-0.3778661268555972
368,2021-04-27,717.960022,724.0,703.349976,704.73999,704.73999,29437000,-1.8413326083495996
369,2021-04-28,696.409973,708.5,693.599976,694.400024,694.400024,22271000,-0.2886157691483815
370,2021-04-29,699.51001,702.25,668.5,677.0,677.0,28845400,-3.2179682460869996
371,2021-04-30,667.590027,715.469971,666.1400150000001,709.4400019999999,709.4400019999999,40758700,6.268813689153574
372,2021-05-03,703.799988,706.0,680.5,684.900024,684.900024,27043100,-2.685416925582551
373,2021-05-04,678.9400019999999,683.450012,657.700012,673.599976,673.599976,29739300,-0.7865239909667254
374,2021-05-05,681.0599980000001,685.299988,667.340027,670.9400019999999,670.9400019999999,21901900,-1.4859184256480362
375,2021-05-06,680.76001,681.02002,650.0,663.539978,663.539978,27784600,-2.5295304875502245
376,2021-05-07,665.799988,690.0,660.219971,672.369995,672.369995,23469200,0.9867838868149681
377,2021-05-10,664.900024,665.049988,627.6099849999999,629.039978,629.039978,31392400,-5.393298948053582
378,2021-05-11,599.23999,627.099976,595.599976,617.200012,617.200012,46503900,2.99713341894956
379,2021-05-12,602.48999,620.409973,586.77002,589.8900150000001,589.8900150000001,33823600,-2.091316903040985
380,2021-05-13,601.539978,606.460022,559.650024,571.6900019999999,571.6900019999999,44184900,-4.962259715346818
381,2021-05-14,583.409973,592.869995,570.460022,589.73999,589.73999,33370900,1.0850032212253558
382,2021-05-17,575.549988,589.72998,561.200012,576.830017,576.830017,32390400,0.22240101236872256
383,2021-05-18,568.0,596.25,563.380005,577.869995,577.869995,36830600,1.7376751760563414
384,2021-05-19,552.549988,566.210022,546.97998,563.460022,563.460022,39578400,1.9744881435053152
385,2021-05-20,575.0,588.849976,571.070007,586.780029,586.780029,30821100,2.0487006956521725
386,2021-05-21,596.1099849999999,596.679993,580.0,580.880005,580.880005,26030600,-2.5548942952196896
387,2021-05-24,581.599976,614.47998,573.650024,606.4400019999999,606.4400019999999,34558100,4.270981262901552
388,2021-05-25,607.3099980000001,613.98999,595.710022,604.6900019999999,604.6900019999999,28005900,-0.43140998972984734
389,2021-05-26,607.5599980000001,626.169983,601.5,619.130005,619.130005,28639300,1.9043398245583543
390,2021-05-27,620.23999,631.130005,616.210022,630.849976,630.849976,26370600,1.7106259143335745
391,2021-05-28,628.5,635.590027,622.380005,625.219971,625.219971,22737000,-0.5218821002386687
392,2021-06-01,627.799988,633.799988,620.549988,623.900024,623.900024,18084900,-0.6212112256363977
393,2021-06-02,620.130005,623.3599849999999,599.1400150000001,605.119995,605.119995,23302800,-2.42046181913097
394,2021-06-03,601.799988,604.549988,571.219971,572.840027,572.840027,30111900,-4.8122235921347345
395,2021-06-04,579.710022,600.6099849999999,577.200012,599.049988,599.049988,24036900,3.3361448424295226
396,2021-06-07,591.830017,610.0,582.880005,605.130005,605.130005,22543700,2.247264859497644
397,2021-06-08,623.01001,623.090027,595.5,603.590027,603.590027,26053400,-3.1171221470422283
398,2021-06-09,602.169983,611.789978,597.630005,598.780029,598.780029,16584600,-0.5629563239122781
399,2021-06-10,603.880005,616.590027,600.5,610.119995,610.119995,23919600,1.033316213210278
400,2021-06-11,610.22998,612.5599980000001,601.52002,609.8900150000001,609.8900150000001,16205300,-0.055710963266653035
401,2021-06-14,612.22998,625.48999,609.179993,617.6900019999999,617.6900019999999,20424000,0.8918253235491669
402,2021-06-15,616.6900019999999,616.789978,598.22998,599.3599849999999,599.3599849999999,17764100,-2.8101666872815567
403,2021-06-16,597.539978,608.5,593.5,604.869995,604.869995,22144100,1.2266990109237597
404,2021-06-17,601.8900150000001,621.469971,601.340027,616.599976,616.599976,22701400,2.443961626444313
405,2021-06-18,613.369995,628.349976,611.799988,623.3099980000001,623.3099980000001,24560900,1.6205557952015726
406,2021-06-21,624.47998,631.3900150000001,608.880005,620.830017,620.830017,24812700,-0.5844803863848336
407,2021-06-22,618.25,628.570007,615.5,623.710022,623.710022,19158900,0.883141447634439
408,2021-06-23,632.0,657.200012,630.039978,656.570007,656.570007,31099200,3.887659335443039
409,2021-06-24,674.98999,697.619995,667.6099849999999,679.820007,679.820007,45982400,0.7155686856926469
410,2021-06-25,689.580017,693.8099980000001,668.700012,671.869995,671.869995,32496700,-2.5682330640970363
411,2021-06-28,671.6400150000001,694.700012,670.320007,688.719971,688.719971,21628200,2.543022395709982
412,2021-06-29,684.650024,687.51001,675.8900150000001,680.76001,680.76001,17381300,-0.568175544239824
413,2021-06-30,679.77002,692.8099980000001,678.1400150000001,679.700012,679.700012,18924900,-0.01029877722469319
414,2021-07-01,683.919983,687.98999,672.799988,677.919983,677.919983,18634500,-0.8772956119341813
415,2021-07-02,678.97998,700.0,673.26001,678.900024,678.900024,27054500,-0.011775899489696595
416,2021-07-06,681.710022,684.0,651.400024,659.580017,659.580017,23284500,-3.246249033434334
417,2021-07-07,664.27002,665.700012,638.320007,644.650024,644.650024,18792000,-2.9536175665431985
418,2021-07-08,628.369995,654.429993,620.460022,652.8099980000001,652.8099980000001,22773300,3.889428711503018
419,2021-07-09,653.179993,658.909973,644.6900019999999,656.950012,656.950012,18140500,0.5771791910962554
420,2021-07-12,662.200012,687.23999,662.159973,685.700012,685.700012,25927000,3.5487767402819115
421,2021-07-13,686.320007,693.280029,666.299988,668.539978,668.539978,20966100,-2.5906324773656175
422,2021-07-14,670.75,678.6099849999999,652.840027,653.380005,653.380005,21641200,-2.589637718971305
423,2021-07-15,658.3900150000001,666.1400150000001,637.880005,650.599976,650.599976,20209600,-1.183195191682862
424,2021-07-16,654.679993,656.700012,642.200012,644.219971,644.219971,16371000,-1.5977305113706097
425,2021-07-19,629.8900150000001,647.200012,621.289978,646.219971,646.219971,21297100,2.592509106530283
426,2021-07-20,651.98999,662.3900150000001,640.5,660.5,660.5,15487100,1.3052362966492703
427,2021-07-21,659.6099849999999,664.8599849999999,650.289978,655.289978,655.289978,13953300,-0.6549335362168507
428,2021-07-22,656.4400019999999,662.169983,644.599976,649.26001,649.26001,15105700,-1.0937773411316187
429,2021-07-23,646.3599849999999,648.799988,637.299988,643.380005,643.380005,14604900,-0.4610402978457828
430,2021-07-26,650.969971,668.200012,647.1099849999999,657.619995,657.619995,25336600,1.021556184809036
431,2021-07-27,663.400024,666.5,627.23999,644.780029,644.780029,32813300,-2.806752234907972
432,2021-07-28,647.0,654.969971,639.400024,646.97998,646.97998,16006600,-0.003094281298310353
433,2021-07-29,649.789978,683.6900019999999,648.799988,677.349976,677.349976,30394600,4.241370124671251
434,2021-07-30,671.76001,697.530029,669.0,687.200012,687.200012,29600500,2.2984401825288936
435,2021-08-02,700.0,726.9400019999999,698.400024,709.669983,709.669983,33615800,1.381426142857145
436,2021-08-03,719.0,722.650024,701.01001,709.73999,709.73999,21620300,-1.2879012517385213
437,2021-08-04,711.0,724.900024,708.929993,710.919983,710.919983,17002600,-0.011254149085793141
438,2021-08-05,716.0,720.950012,711.409973,714.630005,714.630005,12919600,-0.19134008379888545
439,2021-08-06,711.900024,716.330017,697.630005,699.099976,699.099976,15576200,-1.7980120197327087
440,2021-08-09,710.169983,719.030029,705.130005,713.76001,713.76001,14715300,0.5055165785569304
441,2021-08-10,713.98999,716.590027,701.880005,709.98999,709.98999,13432300,-0.5602319438680059
442,2021-08-11,712.710022,715.179993,704.210022,707.820007,707.820007,9800600,-0.6861156499915144
443,2021-08-12,706.340027,722.799988,699.400024,722.25,722.25,17459100,2.252452415527628
444,2021-08-13,723.710022,729.900024,714.340027,717.169983,717.169983,16698900,-0.9036822485788298
445,2021-08-16,705.070007,709.5,676.400024,686.169983,686.169983,22677400,-2.6805882837674044
446,2021-08-17,672.659973,674.580017,648.840027,665.710022,665.710022,23721300,-1.0332041862107455
447,2021-08-18,669.75,695.77002,669.349976,688.98999,688.98999,20349400,2.8727122060470345
448,2021-08-19,678.210022,686.549988,667.590027,673.469971,673.469971,14313500,-0.6989060683624038
449,2021-08-20,682.849976,692.130005,673.700012,680.26001,680.26001,14781800,-0.37928770462459793
450,2021-08-23,685.4400019999999,712.130005,680.75,706.299988,706.299988,20264900,3.0432986022312702
451,2021-08-24,710.679993,715.219971,702.6400150000001,708.48999,708.48999,13083100,-0.3081559944800527
452,2021-08-25,707.030029,716.969971,704.0,711.200012,711.200012,12645600,0.5897886693579268
453,2021-08-26,708.3099980000001,715.400024,697.619995,701.159973,701.159973,13214300,-1.0094485493906569
454,2021-08-27,705.0,715.0,702.099976,711.919983,711.919983,13762100,0.9815578723404217
455,2021-08-30,714.719971,731.0,712.72998,730.909973,730.909973,18604200,2.265223116313342
456,2021-08-31,733.0,740.3900150000001,726.4400019999999,735.719971,735.719971,20855400,0.3710738062755681
457,2021-09-01,734.080017,741.98999,731.27002,734.090027,734.090027,13204300,0.0013636115638870905
458,2021-09-02,734.5,740.969971,730.539978,732.3900150000001,732.3900150000001,12777300,-0.28726820966643585
459,2021-09-03,732.25,734.0,724.200012,733.570007,733.570007,15246100,0.18026725844999536
460,2021-09-07,740.0,760.200012,739.26001,752.919983,752.919983,20039800,1.7459436486486402
461,2021-09-08,761.580017,764.450012,740.77002,753.869995,753.869995,18793000,-1.012371888428898
462,2021-09-09,753.409973,762.099976,751.630005,754.8599849999999,754.8599849999999,14077700,0.1924598892985241
463,2021-09-10,759.599976,762.6099849999999,734.52002,736.27002,736.27002,15114300,-3.0713476483838043
464,2021-09-13,740.210022,744.780029,708.849976,743.0,743.0,22952500,0.376917079893313
465,2021-09-14,742.570007,754.469971,736.400024,744.48999,744.48999,18524900,0.2585591906353324
466,2021-09-15,745.0,756.8599849999999,738.3599849999999,755.830017,755.830017,15357700,1.4536935570469867
467,2021-09-16,752.830017,758.909973,747.6099849999999,756.98999,756.98999,13923400,0.5525779931806252
468,2021-09-17,757.150024,761.039978,750.0,759.48999,759.48999,28204200,0.3090491878529056
469,2021-09-20,734.5599980000001,742.0,718.619995,730.169983,730.169983,24757700,-0.5976387241277581
470,2021-09-21,734.789978,744.73999,730.4400019999999,739.380005,739.380005,16330700,0.6246719657899247
471,2021-09-22,743.530029,753.669983,739.119995,751.9400019999999,751.9400019999999,15126300,1.1310872018593265
472,2021-09-23,755.0,758.200012,747.919983,753.6400150000001,753.6400150000001,11947500,-0.1801304635761558
473,2021-09-24,745.8900150000001,774.799988,744.5599980000001,774.3900150000001,774.3900150000001,21373000,3.8209386674790125
474,2021-09-27,773.119995,799.0,769.3099980000001,791.3599849999999,791.3599849999999,28070700,2.359270244976641
475,2021-09-28,787.200012,795.6400150000001,766.179993,777.5599980000001,777.5599980000001,25381400,-1.224595255722627
476,2021-09-29,779.799988,793.5,770.679993,781.3099980000001,781.3099980000001,20942900,0.19364068007654556
477,2021-09-30,781.0,789.130005,775.0,775.47998,775.47998,17956000,-0.70678873239437
478,2021-10-01,778.400024,780.780029,763.590027,775.219971,775.219971,17031400,-0.4085371148446981
479,2021-10-04,796.5,806.969971,776.119995,781.530029,781.530029,30483300,-1.8794690521029445
480,2021-10-05,784.799988,797.3099980000001,774.200012,780.590027,780.590027,18432600,-0.5364374444919107
481,2021-10-06,776.200012,786.659973,773.219971,782.75,782.75,14632800,0.8438531175905206
482,2021-10-07,785.460022,805.0,783.380005,793.6099849999999,793.6099849999999,19195800,1.0376037954481498
483,2021-10-08,796.210022,796.380005,780.909973,785.48999,785.48999,16711100,-1.346382449830552
484,2021-10-11,787.650024,801.23999,785.5,791.9400019999999,791.9400019999999,14200300,0.5446553506357699
485,2021-10-12,800.929993,812.320007,796.570007,805.719971,805.719971,22020000,0.5980520197599759
486,2021-10-13,810.469971,815.409973,805.780029,811.080017,811.080017,14120100,0.07527064812127282
487,2021-10-14,815.48999,820.25,813.349976,818.320007,818.320007,12247200,0.34703270851921264
488,2021-10-15,823.73999,843.2100220000001,822.349976,843.0300289999999,843.0300289999999,18818000,2.341763084732573
489,2021-10-18,851.7899779999999,875.26001,851.4699710000001,870.1099849999999,870.1099849999999,24207200,2.1507657372320077
490,2021-10-19,877.5300289999999,877.9500119999999,862.51001,864.2700199999999,864.2700199999999,17381100,-1.51106042662843
491,2021-10-20,865.349976,869.48999,857.3800050000001,865.7999880000001,865.7999880000001,14032100,0.052003468247630025
492,2021-10-21,856.0,900.0,855.5,894.0,894.0,31481500,4.439252336448596
493,2021-10-22,895.5,910.0,890.9600220000001,909.679993,909.679993,22880800,1.5834721384701211
494,2021-10-25,950.5300289999999,1045.02002,944.2000119999999,1024.859985,1024.859985,62852100,7.819843006769456
495,2021-10-26,1024.689941,1094.939941,1001.4400019999999,1018.429993,1018.429993,62415000,-0.6109114327687237
496,2021-10-27,1039.660034,1070.880005,1030.780029,1037.859985,1037.859985,38526500,-0.17313823183857657
497,2021-10-28,1068.310059,1081.0,1054.199951,1077.040039,1077.040039,27213200,0.8171766170742556
498,2021-10-29,1081.859985,1115.209961,1073.209961,1114.0,1114.0,29918400,2.970810959423731
499,2021-11-01,1145.0,1209.75,1118.660034,1208.589966,1208.589966,56048700,5.55370882096069
500,2021-11-02,1159.359985,1208.589966,1146.0,1172.0,1172.0,42737800,1.0902580012712715
501,2021-11-03,1177.329956,1215.390015,1152.619995,1213.859985,1213.859985,34628500,3.102785995874213
502,2021-11-04,1234.410034,1243.48999,1217.0,1229.910034,1229.910034,25397400,-0.3645466154725052
503,2021-11-05,1228.0,1239.869995,1208.0,1222.089966,1222.089966,21579900,-0.4812731270358306
